node,community,degree,weighted_degree,song_count,corpus_artist
Третий Путь (Многоточие и M.Squad),0,0,0.0,2,True
White Hot Ice feat. Многоточие,1,0,0.0,1,True
JILLZAY - ТВОY НОМЕР,2,0,0.0,2,True
Lustral,3,0,0.0,1,True
Regina Spektor,4,0,0.0,1,True
K'Maro,5,0,0.0,1,True
Face,6,0,0.0,5,True
Баста,7,10,16.0,50,True
Гуф,7,13,13.0,30,True
Скриптонит,7,4,6.0,20,True
Feduk,7,5,5.0,15,True
AK-47 - ДОРОГА,7,2,3.0,0,False
НОВЫЙ АЛЬБОМ 2011 ГОДА АЛЬБОМ ПРОСТО БОМБА,7,2,3.0,0,False
Элджей,7,2,2.0,18,True
СЛУШАЕМ СКАЧАТЬ МОЖНО ТУТ ://maxiload.ru/file/3712325f2bf,7,2,2.0,0,False
Моя Мишель — Хлопья летят наверх,7,2,2.0,0,False
"Feduk - РОЗОВОЕ ВИНО  - КАРАОКЕ, ТЕКСТ ПЕСНИ, LYRICS",7,2,2.0,0,False
Скриптони,7,1,1.0,0,False
Ulukmanapo — До конца,7,1,1.0,0,False
DOROFEEVA — Не забирай меня с пати,7,1,1.0,0,False
Скриптонит — na Circus,7,1,1.0,0,False
СЛУШАЕМ СКАЧАТЬ МОЖНО ТУТ ://files.berdyev.ru/pkqbha0u7kl3.html,7,1,1.0,0,False
Полина Гагарина — Голос,7,1,1.0,0,False
Slim — Есть вопросы,7,1,1.0,0,False
Птаха — Хлоп-хлоп,7,1,1.0,0,False
Slim — Свадьба,7,1,1.0,0,False
Ба — Дома,7,1,1.0,0,False
Tandem Foundation — Сверху видно всё,7,1,1.0,0,False
МиГ29 — Провода,7,1,1.0,0,False
Принцип — Заходит луна,7,1,1.0,0,False
Баста — Не все потеряно,7,1,1.0,0,False
Scally Milano — Мечты,7,1,1.0,0,False
FRIENDLY THUG 52 NGG — BOY$,7,1,1.0,0,False
Кравц — Дисконнект,7,1,1.0,0,False
Noize MC,8,8,8.0,22,True
Krec,8,2,2.0,16,True
Check,8,1,1.0,1,True
Александр «Чача» Иванов — Устрой дестрой,8,1,1.0,0,False
Наум Блик,8,1,1.0,0,False
SLIMUS,8,1,1.0,0,False
кАчевники,8,1,1.0,0,False
SunSay,8,1,1.0,0,False
ST1M — Дарвин,8,1,1.0,0,False
Каста,9,21,52.0,29,True
Тимати,9,3,5.0,19,True
Slim,9,1,3.0,18,True
Shot,9,1,3.0,2,True
Ак 47,9,1,3.0,7,True
Guf,9,1,3.0,0,False
Log dog,9,1,3.0,0,False
Ноггано,9,1,3.0,0,False
Mainsteam One,9,1,3.0,0,False
Czar,9,1,3.0,0,False
K.R.A,9,1,3.0,0,False
Shokk,9,1,3.0,0,False
1 Klas,9,1,3.0,0,False
T1One,9,1,3.0,0,False
Зануда,9,1,3.0,0,False
Bahh Tee,9,1,2.0,1,True
Natan - Моя девочка бомба,9,1,1.0,0,False
Доминик Джокер,9,1,1.0,0,False
Ginex,9,1,1.0,0,False
Bahh,9,1,1.0,0,False
DJ Хобот - грязная альбомная версия =======,9,1,1.0,0,False
Ginex &amp,9,1,1.0,0,False
Big Baby Tape,10,8,8.0,10,True
BUSHIDO ZHO — City Boy Life,10,1,1.0,0,False
Aarne — HOODAK MP3,10,1,1.0,0,False
kizaru — Bandana,10,1,1.0,0,False
Toxi$,10,1,1.0,0,False
Chief Keef — 4 ur girl,10,1,1.0,0,False
kizaru — Mama Makusa,10,1,1.0,0,False
kizaru — Big Tymers,10,1,1.0,0,False
Big Baby Tape — Legit Check,10,1,1.0,0,False
IC3PEAK,11,1,1.0,11,True
Worm,11,1,1.0,0,False
sted.d,12,0,0.0,1,True
Summer of Haze,13,0,0.0,1,True
Петя OST,14,0,0.0,1,True
Юлия Самошкина,15,0,0.0,1,True
Барды,16,0,0.0,3,True
Хатико,17,0,0.0,1,True
Барды.,18,0,0.0,1,True
Очередной MC,19,0,0.0,2,True
KRiceT,20,0,0.0,1,True
Саша Бест,21,0,0.0,1,True
Наталья Барсукова,22,0,0.0,1,True
Хаски,23,0,0.0,11,True
Кровосток,24,0,0.0,24,True
Sandy Fish,25,0,0.0,1,True
48 kbps,26,0,0.0,1,True
анна ривелотэ,27,0,0.0,1,True
Павел Пиковский,28,0,0.0,1,True
Louis Pasteur,29,5,10.0,2,True
Yanix,29,6,7.0,15,True
ATL,29,5,6.0,4,True
Hiro,29,1,2.0,0,False
Booguy,29,1,2.0,0,False
Hashtag,29,1,2.0,0,False
Пабло Прекрати,29,1,1.0,1,True
RipBeat,29,1,1.0,1,True
ATL — LAGG OUT,29,1,1.0,0,False
Ка тет — Выключатель,29,1,1.0,0,False
Yanix — No Rats This Time,29,1,1.0,0,False
SODA LUV — Badass,29,1,1.0,0,False
Scally Milano,29,1,1.0,0,False
163ONMYNECK,29,1,1.0,0,False
FEARMUCH — ШОПЛИФТЕР,29,1,1.0,0,False
Horus,30,0,0.0,1,True
Не Предел feat. Многоточие,31,0,0.0,1,True
Брутто,32,0,0.0,1,True
RSA,33,0,0.0,1,True
Dino MC47,34,2,2.0,15,True
Звонкий,34,1,1.0,0,False
Нади — Ночь,34,1,1.0,0,False
Dino MC 47,35,0,0.0,1,True
Centr,36,0,0.0,21,True
PANDAworld,37,1,1.0,1,True
boulevard depo пять минут назад,37,1,1.0,0,False
Boulevard Depo,38,5,5.0,19,True
Thomas Mraz,38,4,4.0,18,True
i61,38,3,3.0,5,True
Boulevard Depo — Gloucoma,38,2,2.0,0,False
43ai,38,1,1.0,1,True
Boulevard Depo x Pharaoh x Basic Boy,38,1,1.0,0,False
TVETH,38,1,1.0,0,False
Cold$iemens — No War,38,1,1.0,0,False
I61 — Rare Moscow Snow,38,1,1.0,0,False
TEA,38,1,1.0,0,False
IKBN - IRAQ,39,0,0.0,1,True
PHARAOH,40,1,1.0,18,True
SUPERIOR.CAT.PROTEUS,40,1,1.0,2,True
DOPECLVB,41,0,0.0,2,True
Многоточие( третий путь),42,0,0.0,1,True
Многоточие [Третий Путь],43,0,0.0,1,True
Неизвестен,44,0,0.0,3,True
Потратил тыщу баксов,45,0,0.0,1,True
Big Russian Boss,46,0,0.0,3,True
No Limit,47,0,0.0,1,True
Хайд,48,0,0.0,1,True
Loqiemean,49,0,0.0,1,True
"Хайд ""Нерв""",50,0,0.0,1,True
Oxxxymiron,51,3,3.0,24,True
Markul,51,3,3.0,18,True
Дуня,51,1,1.0,0,False
Чекист,51,1,1.0,0,False
Oxxxymiron  - FATA MORGANA,51,1,1.0,0,False
ХОЛОДНО,51,1,1.0,0,False
MC NO LIMIT,52,0,0.0,1,True
Маркул,53,0,0.0,1,True
Miyagi,54,13,13.0,17,True
Эндшпиль Опутала меня,54,1,1.0,0,False
9 Грамм – Рапапам,54,1,1.0,0,False
Эндшпиль,54,1,1.0,0,False
"Эндшпиль Опутала меня, опутала. Ты будто мой сорт",54,1,1.0,0,False
Эндшпиль - Половина моя,54,1,1.0,0,False
Эндшпиль — 8 mile,54,1,1.0,0,False
Эндшпиль — Wisdom,54,1,1.0,0,False
Эндшпиль — Skill,54,1,1.0,0,False
Эндшпиль — Adapter,54,1,1.0,0,False
Эндшпиль — Наоборот,54,1,1.0,0,False
Эндшпиль — Groove,54,1,1.0,0,False
Эндшпиль — Море,54,1,1.0,0,False
Эндшпиль — Малиновый рассвет,54,1,1.0,0,False
Vadim Tikot,55,0,0.0,1,True
не услышанный лирик,56,0,0.0,1,True
R e d e m a,57,1,1.0,1,True
"Эндшпиль, МанТана - Моя банда",57,1,1.0,0,False
Andy Panda,58,4,4.0,10,True
Andy Panda — Буревестник,58,1,1.0,0,False
"Andy Panda, Mav-d — Marmalade",58,1,1.0,0,False
Andy Panda-Темнота,58,1,1.0,0,False
"Andy Panda, TumaniYO — Оттепель",58,1,1.0,0,False
Полина Гагарина,59,0,0.0,1,True
"""Алые паруса""",60,0,0.0,1,True
Вечера Насильной Поэзии,61,0,0.0,1,True
Левон,62,0,0.0,1,True
2rbina 2rista,63,0,0.0,1,True
Сатана Печёт Блины,64,0,0.0,2,True
Алые паруса,65,0,0.0,5,True
Тандем,66,0,0.0,1,True
Песни орлятского круга,67,0,0.0,1,True
Гагарина Полина,68,0,0.0,2,True
I.B.,69,0,0.0,1,True
Александр Шуров,70,0,0.0,1,True
Charlie Mole,71,0,0.0,1,True
сатана печет блины,72,0,0.0,1,True
Валерия Лесовская,73,0,0.0,1,True
➨ Levon,74,0,0.0,1,True
"Сводный хор ""АП"")",75,0,0.0,1,True
Алые Паруса.,76,0,0.0,1,True
Гречка,77,0,0.0,10,True
абстрактный бомж,78,0,0.0,1,True
zgheilmyfrr,79,0,0.0,1,True
Loc Dog,80,0,0.0,1,True
Монеточка,81,0,0.0,10,True
порнофильм приличный для мужа,82,0,0.0,1,True
снятся в порнофильме,83,0,0.0,1,True
вудман,84,0,0.0,1,True
секс on line веб камера,85,0,0.0,1,True
длиные порно ролики,86,0,0.0,1,True
Moonlight H.S,87,0,0.0,1,True
Порнофильмы,88,0,0.0,16,True
порнофильм полиция маями,89,0,0.0,1,True
американские сайты с порнофильмами,90,0,0.0,1,True
порнофильм - екатерина - императрица,91,0,0.0,1,True
Johnyboy,92,0,0.0,23,True
Lil'Stop,93,0,0.0,1,True
"H1GH ""Клетка""",94,0,0.0,1,True
Rate1.2,95,1,1.0,1,True
SiFo-Делай громче звук,95,1,1.0,0,False
[METEORA],96,0,0.0,1,True
Для доты именно для Васи Бояркина,97,0,0.0,1,True
Long Star,98,0,0.0,1,True
Vomut,99,0,0.0,1,True
L'One,100,0,0.0,10,True
gone.Fludd,101,0,0.0,13,True
Truwer,102,0,0.0,20,True
Lil Morty,103,0,0.0,13,True
Нигатив,104,2,2.0,12,True
Гарри Топор,104,2,2.0,1,True
Дино produced by Сэт и Нигатив,104,1,1.0,0,False
Stevie Insane,104,1,1.0,0,False
Руставели ( Многоточие ),105,1,1.0,1,True
Динайс (Prod. Динайс,105,1,1.0,0,False
Lebron,106,0,0.0,1,True
Дино,107,0,0.0,1,True
Рем Дигга,108,1,1.0,22,True
Нигатив Триада,108,1,1.0,0,False
"Bahh Tee ""Небо не предел""",109,0,0.0,1,True
Лион,110,0,0.0,1,True
Луперкаль,111,0,0.0,1,True
Песочные люди,112,1,2.0,4,True
Fredro Starr,112,1,2.0,0,False
the Chemodan,113,5,5.0,22,True
Скептик,113,1,1.0,1,True
Надо по делам,113,1,1.0,1,True
Sony Money,113,1,1.0,0,False
FRIENDLY THUG 52 NGG — До завтрака,113,1,1.0,0,False
Словетский,114,3,3.0,13,True
Dj Nik One,114,1,1.0,1,True
РАСКОЛЬНИКОВ,114,1,1.0,1,True
Para,114,1,1.0,0,False
Loc-Dog,115,0,0.0,2,True
Грозный,116,0,0.0,1,True
Бей,117,0,0.0,1,True
Mezza Morta,118,0,0.0,1,True
"Зарина, Многоточие и Корни",119,0,0.0,1,True
Мот,120,1,1.0,29,True
Смешарики — Обормот,120,1,1.0,0,False
Сява,121,0,0.0,23,True
Afisha.ru,122,0,0.0,1,True
Diamond Miners Gang,123,0,0.0,1,True
100 music,124,1,1.0,1,True
Скриптонит-Ламбада,124,1,1.0,0,False
T-Fest,125,1,1.0,10,True
Go Loco,125,1,1.0,0,False
Хабиб Шарипов,126,0,0.0,1,True
Donnie Brasco,127,0,0.0,1,True
nightcore,128,0,0.0,1,True
ЛСП,129,2,2.0,14,True
Oxxxymiron - Мне скучно жить,129,1,1.0,0,False
Степан Карма — Magic City,129,1,1.0,0,False
Максим Демах,130,0,0.0,2,True
Greenaleх - Пати для Богатеньких\Нет Денег,131,0,0.0,1,True
это девка словно пуля,132,0,0.0,1,True
Porchy,133,0,0.0,1,True
PHARAOH - это девочка просто пуля,134,2,2.0,0,False
ЧиСтО боМ боММ,134,1,1.0,1,True
Неизвестный исполнитель,134,1,1.0,3,True
Третий Путь (Многоточие и M. Squad),135,0,0.0,2,True
Иезекииль 25:17 Feat. Многоточие,136,0,0.0,1,True
(AlljЭлджей),137,0,0.0,1,True
ND Production,138,0,0.0,1,True
Музыкальная жизнь™,139,0,0.0,1,True
†.чЁ за трЕк.†,140,0,0.0,1,True
ChipaChip,141,0,0.0,1,True
Mary Gu,142,0,0.0,2,True
Instasamka,143,0,0.0,10,True
Хома,144,0,0.0,1,True
КОЈЕКУДА,145,0,0.0,1,True
Наречена_Михайло Хома,146,0,0.0,1,True
Бьянка,147,0,0.0,2,True
T.A. Yanix,148,0,0.0,2,True
HOMIE – Безумно можно быть первым,149,0,0.0,1,True
на грузинском,150,0,0.0,1,True
#SWAGGAЖОПС,151,0,0.0,1,True
Кемикэл Депазитз,152,0,0.0,1,True
Bandit-Aul B.CH.S,153,0,0.0,1,True
VCrash,154,0,0.0,1,True
Ляляля,155,0,0.0,1,True
Пацантрэ,156,0,0.0,1,True
Хоми,157,0,0.0,10,True
Триагрутрика,158,11,19.0,18,True
АК-47,158,8,11.0,75,True
Taj Mahal,158,6,7.0,0,False
ТГК,158,5,5.0,24,True
Восточный округ,158,3,5.0,22,True
Витя Ак,158,2,4.0,1,True
TRIAGRUTRIKA,158,4,4.0,2,True
Лёша Маэстро,158,3,4.0,1,True
АК47,158,2,3.0,0,False
ТГК — ПНП,158,2,2.0,0,False
Триагрутрика  &amp; Айк Дым,158,2,2.0,0,False
VibeTGK,158,2,2.0,0,False
Jahmal TGK — Александр,158,2,2.0,0,False
Jahmal TGK,158,2,2.0,0,False
VibeTGK — Фром Москоу,158,2,2.0,0,False
12 ТРИАГРУТРИКА,158,1,1.0,1,True
ТРИАГРУТРИКА ],158,1,1.0,1,True
163ONMYNECK — Винрар,158,1,1.0,0,False
Taj Mahal   Максп Птаха Ноггано ST 25/17 Хаак Смоки Мо,158,1,1.0,0,False
Dead Василь,158,1,1.0,0,False
Tony Tonite,158,1,1.0,0,False
Авеню,159,0,0.0,1,True
[I love [Music ❤ ],160,0,0.0,1,True
Big Black Boots,161,0,0.0,3,True
EK-Playaz,162,0,0.0,9,True
Клоунеско,163,0,0.0,3,True
Ek Playaz,164,0,0.0,2,True
Mrs. DvaTree,165,0,0.0,1,True
Jerry aka Нелегальный,166,0,0.0,1,True
Neiz,167,0,0.0,3,True
Stas Neiz,168,0,0.0,1,True
DJ Хобот,169,0,0.0,1,True
ака47 ek playaz,170,0,0.0,1,True
EK Playaz п.у. Клоунеско,171,0,0.0,1,True
Децл,172,3,3.0,18,True
MC Молодой Для загрузки воспользуйтесь ссылкой - ://musontakte.ru/Децл.html,172,1,1.0,0,False
Lil'Kong,172,1,1.0,0,False
D.Masta - Быть свободным,172,1,1.0,0,False
MC Молодой,173,0,0.0,1,True
ОСП - С.Белоголовцев,174,0,0.0,1,True
Странник Стк,175,0,0.0,1,True
Йорш,176,0,0.0,2,True
Ginex - DoN-A,177,0,0.0,1,True
Многоточие (White Hot Ice),178,0,0.0,1,True
Витек,179,1,1.0,1,True
Смоки Мо и Fuze,179,1,1.0,0,False
˜”*°•.☆ааааааааа!!!,180,0,0.0,1,True
Chernikovskaya Hata,181,0,0.0,1,True
черниковская хата,182,0,0.0,1,True
MEOW!,183,0,0.0,1,True
Моя Дерзкая Правда,184,0,0.0,1,True
про Красную Шапочку,185,0,0.0,1,True
Детские песни,186,0,0.0,4,True
Красная шапочка,187,0,0.0,5,True
DJ Little Red Riding Hood,188,0,0.0,1,True
Солдат Семёнов,189,0,0.0,1,True
из к/ф,190,0,0.0,1,True
Ас Вентура,191,0,0.0,1,True
к/ф Красная Шапочка,192,0,0.0,2,True
Песня Красной Шапочки,193,0,0.0,1,True
Марго Сирин,194,0,0.0,1,True
Игорь Растеряев,195,0,0.0,2,True
Песни из детских фильмов,196,0,0.0,1,True
Красная шапка,197,0,0.0,1,True
:)),198,0,0.0,1,True
Буерак,199,0,0.0,10,True
Птаха,200,5,5.0,23,True
RusKey,200,1,1.0,1,True
Slim - Что успеем,200,1,1.0,0,False
Легенды Про,200,1,1.0,0,False
Абандон - На измене,200,1,1.0,0,False
Guf &amp; Птаха,200,1,1.0,0,False
Скрябін,201,0,0.0,1,True
Ассаи,202,0,0.0,13,True
Любовь,203,0,0.0,1,True
Крек,204,0,0.0,1,True
ღ Крек,205,0,0.0,1,True
Триада,206,0,0.0,19,True
Vol'naya Dusha,207,1,1.0,1,True
Ассаи-Антон,207,1,1.0,0,False
Давид Тухманов,208,0,0.0,2,True
Апина,209,0,0.0,1,True
Дюна,210,0,0.0,2,True
Перевалов Геннадий,211,0,0.0,1,True
5'nizza - Белые рубашки,212,0,0.0,1,True
Алёна Апина,213,0,0.0,2,True
5'nizza,214,0,0.0,1,True
Андрей Макаревич,215,0,0.0,1,True
Раиса Неменова,216,0,0.0,1,True
Нюрнберг,217,0,0.0,1,True
Алена Апина,218,0,0.0,3,True
Зимавсегда,219,0,0.0,2,True
К.Никольский,220,0,0.0,1,True
Владимир Трошин,221,0,0.0,1,True
Сергей Бабкин,222,0,0.0,1,True
Узелок,223,0,0.0,10,True
Грибы,224,0,0.0,15,True
Гриби,225,0,0.0,2,True
Ми типа гриби,226,0,0.0,1,True
Балахнин Геннадий,227,0,0.0,1,True
Pimp Schwab,228,0,0.0,1,True
Хор,229,0,0.0,1,True
слушай экзорцист,230,0,0.0,1,True
Майя Кристалинская,231,0,0.0,2,True
Алла Пугачева,232,0,0.0,1,True
Кристаллинская Майя,233,0,0.0,1,True
Людмила Зыкина dnb mix,234,0,0.0,1,True
Мультфильмы детские,235,0,0.0,1,True
Ольга Арефьева,236,0,0.0,1,True
Google Тёлка,237,0,0.0,1,True
Ирина Туманова,238,0,0.0,2,True
NHK World,239,0,0.0,1,True
OST Кисло,240,0,0.0,1,True
Дмитрий Авилов,241,0,0.0,1,True
Lasha MC,242,0,0.0,1,True
ЗАПАС,243,0,0.0,1,True
Соня Мармеладова,244,0,0.0,2,True
Билли Бро,245,0,0.0,1,True
KILLJOY | RHYME TIME inc.,246,1,1.0,1,True
Double time,246,1,1.0,0,False
FCKN BEST,247,0,0.0,1,True
Гнойный,248,0,0.0,1,True
youhate,249,0,0.0,1,True
Flowdan,250,0,0.0,1,True
Redo,251,0,0.0,1,True
Grime,252,1,1.0,1,True
Новый День,252,1,1.0,0,False
Eminem,253,0,0.0,4,True
Radiohead,254,0,0.0,1,True
Bassnectar,255,0,0.0,1,True
Ronan Keating,256,0,0.0,1,True
MuDvAyNe,257,0,0.0,1,True
George Thorogood And The Destroyers,258,0,0.0,1,True
Bones,259,0,0.0,1,True
СТЕПАНЕНКО Pump,260,0,0.0,1,True
Dead Hearted,261,0,0.0,1,True
LIL PUMP,262,0,0.0,1,True
Многоточие (Третий Путь),263,0,0.0,1,True
Jamal TGK,264,0,0.0,1,True
Патриотические. Русские народные военные песни.,265,0,0.0,1,True
Русский,266,0,0.0,12,True
Русская Императорская армія,267,0,0.0,1,True
Русские Знаки,268,0,0.0,1,True
Русские народные песни - Хор Валаамского Монастыря,269,0,0.0,1,True
Русские романсы,270,0,0.0,1,True
ГИМН РУССКОГО РАДИО,271,0,0.0,1,True
Каспийский Груз,272,0,0.0,1,True
Песни Фанатов ЦСКА,273,0,0.0,1,True
Фанаты ЦСКА,274,0,0.0,1,True
История России. ХХ век,275,0,0.0,1,True
я дура миша,276,0,0.0,1,True
Оратория,277,0,0.0,1,True
Мирко Саблич,278,0,0.0,1,True
Миша Fint,279,0,0.0,1,True
Каратель,280,0,0.0,12,True
Каратели Сиона,281,0,0.0,1,True
ЦеРН,282,0,0.0,1,True
Армейские песни под гитару,283,0,0.0,1,True
Цыганский Барон Олександр Набок,284,0,0.0,1,True
Витос,285,0,0.0,4,True
Ресторатор,286,0,0.0,1,True
Can4eZ,287,0,0.0,1,True
Пика,288,0,0.0,1,True
Rigos,289,0,0.0,1,True
Витоса,290,0,0.0,2,True
RC,291,0,0.0,1,True
Коньяк,292,0,0.0,1,True
SKVerniy_hhiu_r 2_,293,0,0.0,1,True
Вообще,294,1,1.0,11,True
"Navai — Привет, ну как ты там вообще",294,1,1.0,0,False
Rotoff,295,0,0.0,2,True
Billy's Band,296,0,0.0,1,True
БьЯНК@,297,0,0.0,1,True
Пилот,298,0,0.0,1,True
Волин Виталий,299,0,0.0,1,True
группа Весна,300,0,0.0,1,True
Ивангай,301,0,0.0,1,True
тбили,302,0,0.0,1,True
Пикачушь,303,0,0.0,1,True
◘ Легенды Про,304,0,0.0,1,True
Кравц,305,0,0.0,1,True
Светлана Разина,306,0,0.0,1,True
207. Soulkast,307,0,0.0,1,True
Смоки Мо,308,2,2.0,31,True
Onyx,308,2,2.0,7,True
Fredro Starr  vs Кто Сказал ft. Смоки Мо - Capella Remix,308,2,2.0,0,False
Крип-а-Крип,308,1,1.0,0,False
Fredro Starr  vs Кто Сказал ft. Смоки Мо,308,1,1.0,0,False
Soulkast,309,0,0.0,1,True
Аля Кудряшева,310,0,0.0,2,True
Loc- Dog,311,0,0.0,1,True
Полюса,312,0,0.0,4,True
[Loc-Dog,313,0,0.0,1,True
Армия брат,314,0,0.0,2,True
Наташа,315,0,0.0,1,True
Любэ,316,0,0.0,5,True
Армейская,317,0,0.0,1,True
ФИЗТЕХпесня,318,0,0.0,1,True
Хай Хэт,319,0,0.0,1,True
Игорь Белый,320,0,0.0,2,True
Аля Кудряшова,321,0,0.0,1,True
Л.П.П.Л,322,0,0.0,1,True
Виктор Малолетний,323,0,0.0,1,True
Эдуард Эдуаши,324,0,0.0,1,True
D1sH,325,0,0.0,1,True
Артиллеия,326,0,0.0,1,True
РВиА,327,0,0.0,1,True
Батарея,328,0,0.0,10,True
Вадим Сажин,329,0,0.0,3,True
Праздничный хор,330,0,0.0,1,True
Хор Минского Свято-Елисаветинского монастыря. ),331,0,0.0,1,True
Светлана Копылова,332,0,0.0,1,True
Святитель Иоанн Златоуст,333,0,0.0,1,True
Мытарь,334,0,0.0,1,True
Голубые молнии,335,0,0.0,1,True
Ваня Воробей,336,0,0.0,3,True
Lx24,337,0,0.0,1,True
Андрей Климнюк,338,0,0.0,1,True
Крестная Семья,339,0,0.0,1,True
StilRyder,340,0,0.0,1,True
Голубые Береты,341,0,0.0,1,True
ШИРЯЕВ ОЛЕГ,342,0,0.0,1,True
Гимн ВДВ,343,0,0.0,1,True
Маевский Сергей,344,0,0.0,1,True
Воробей,345,0,0.0,1,True
ЗОЖ,346,0,0.0,1,True
Владимир Высоцкий,347,0,0.0,1,True
Братья Карамазовы,348,0,0.0,1,True
Браток,349,0,0.0,10,True
Джиз,350,0,0.0,11,True
Barry Gibb,351,0,0.0,1,True
Madwayz LOC,352,0,0.0,2,True
SD AND SCHOKK,353,0,0.0,1,True
OSLIKt,354,0,0.0,1,True
Стрелки,355,0,0.0,1,True
✵ Бек✵,356,0,0.0,1,True
HULIGAN,357,0,0.0,1,True
МЖ,358,0,0.0,1,True
Лизоркин,359,0,0.0,4,True
Иллет - Сопряжение сфер,360,0,0.0,1,True
Ясвена,361,0,0.0,1,True
4SGM,362,0,0.0,1,True
Сидоджи Дубоshit,363,0,0.0,1,True
Белый Аликорн,364,0,0.0,1,True
Kid,365,0,0.0,1,True
Сэт,366,0,0.0,1,True
Свобода воли,367,0,0.0,1,True
Мастер,368,0,0.0,2,True
10. Сплин,369,0,0.0,1,True
VOICE OF SATURN,370,0,0.0,1,True
Сплин,371,0,0.0,1,True
Dav,372,0,0.0,1,True
Враги,373,0,0.0,1,True
БАРТО,374,0,0.0,1,True
Сфера,375,0,0.0,10,True
Корж,376,1,1.0,16,True
маз корж — Я помню,376,1,1.0,0,False
Макс,377,0,0.0,1,True
Super Rags,378,0,0.0,1,True
Вэ,379,0,0.0,1,True
Абубакирова Гульфарида,380,0,0.0,1,True
ИСН,381,0,0.0,11,True
КрэФ,382,0,0.0,1,True
Лилия Биктимирова,383,0,0.0,1,True
Алина Булатова,384,0,0.0,1,True
Эмир Камалиев,385,0,0.0,1,True
Айгуль Бариева,386,0,0.0,1,True
Зиннур,387,0,0.0,1,True
Гөлфәридә Әбүбәкерова,388,0,0.0,1,True
Зи,389,0,0.0,1,True
Мишари Рашид Аль-Афаси,390,0,0.0,1,True
Фархетдинова Зайнап,391,0,0.0,1,True
Айсылу Мухамадиева,392,0,0.0,1,True
Гаяр Нуриманов,393,0,0.0,1,True
От Винта,394,0,0.0,1,True
Ot Vinta!,395,0,0.0,1,True
Ot vinta,396,0,0.0,1,True
9 ВАЛ,397,0,0.0,1,True
От Вінта,398,0,0.0,2,True
М8Л8Tx,399,0,0.0,1,True
Сокира Перуна,400,0,0.0,4,True
Нежеголь,401,0,0.0,1,True
Молотх,402,0,0.0,1,True
Русич,403,0,0.0,2,True
Don't Smoke,404,0,0.0,1,True
Гекто,405,0,0.0,10,True
ιllιlι.ιl,406,0,0.0,1,True
Чечерина,407,0,0.0,1,True
T9,408,0,0.0,1,True
8 Вадим Мулерман,409,0,0.0,1,True
Сергей Хижняк,410,0,0.0,1,True
Агния Барто,411,0,0.0,1,True
Михаил Михайлов,412,0,0.0,1,True
●,413,0,0.0,1,True
Вадим Мулерман,414,0,0.0,2,True
Семёнова Мария,415,0,0.0,1,True
Квартет физфака пу Сергея Никитина,416,0,0.0,1,True
Стас Михайлов,417,0,0.0,1,True
Песни нашего века,418,0,0.0,1,True
Звери,419,0,0.0,2,True
Мельница--Сонный рыцарь-,420,0,0.0,1,True
Ляпис Трубецкой,421,0,0.0,1,True
Чичерина,422,0,0.0,2,True
Хром,423,0,0.0,10,True
Чарли Z,424,0,0.0,10,True
Король,425,0,0.0,24,True
Паук,426,0,0.0,15,True
Агата Кристи,427,0,0.0,1,True
А. Грейчайник,428,0,0.0,1,True
Агата Кристи - Чудеса,429,0,0.0,1,True
Пальчики,430,0,0.0,1,True
Слот,431,0,0.0,1,True
Лавров Василий,432,0,0.0,1,True
Уматурман,433,0,0.0,1,True
Slot,434,0,0.0,1,True
трол фейс,435,0,0.0,1,True
TROLLFACE,436,0,0.0,1,True
Animal ДжаZ,437,0,0.0,1,True
Андрей Грейчайник,438,0,0.0,1,True
«Полкино»,439,0,0.0,1,True
Василий Лавров,440,0,0.0,1,True
Балабама,441,0,0.0,1,True
Коля RotoFF,442,0,0.0,1,True
НОМ,443,2,2.0,19,True
Yami — Феноменально,443,1,1.0,0,False
Сергей Любавин — Бетономешалка,443,1,1.0,0,False
Habib Hakimov,444,0,0.0,1,True
Dareen,445,0,0.0,1,True
Женщины деревни Кеба (Лешуконский,446,0,0.0,1,True
СИЛЕН Radio Beograd 2 -,447,0,0.0,1,True
О. Васильчак та С.Роговський,448,0,0.0,1,True
storm in life ♛,449,0,0.0,1,True
Антонина Матвиенко,450,0,0.0,1,True
♡ Акула ♡,451,0,0.0,1,True
Юрий Хованский,452,0,0.0,1,True
▂▃▅▆▇the Chemodan,453,0,0.0,1,True
Rewake,454,0,0.0,1,True
Аля Кумар,455,0,0.0,1,True
5 Шлюх,456,0,0.0,1,True
Вульгарный Тонн,457,2,2.0,22,True
Димы,457,1,1.0,0,False
Дима,457,1,1.0,0,False
Вульгарный ТоН,458,0,0.0,2,True
Саша rAp,459,0,0.0,1,True
Brick Bazuka – Это реп,460,0,0.0,1,True
Elect,461,0,0.0,1,True
LIN,462,1,1.0,1,True
12 ОКТЯБРЯ THE CHEMODAN CLAN В ВОРОНЕЖЕ,462,1,1.0,0,False
KOt StYlE,463,0,0.0,1,True
ОУ74,464,3,3.0,14,True
Cтрана OZ,464,2,2.0,1,True
ОУ74 — О лени,464,2,2.0,0,False
Brick Bazuka,464,1,1.0,0,False
ОУ74 — Ремесло,464,1,1.0,0,False
Муровей,465,0,0.0,1,True
Триагутрика,466,0,0.0,1,True
Блондин,467,1,1.0,1,True
Plastik и Manky Monk,467,1,1.0,0,False
Вадяра Блюз,468,0,0.0,1,True
MC-Нэмэр,469,0,0.0,1,True
Две Причины,470,0,0.0,1,True
GOA,471,0,0.0,1,True
Руставели(Многоточие/Dotsfam),472,0,0.0,1,True
Тараканы,473,0,0.0,1,True
Четыре таракана,474,0,0.0,1,True
Круть,475,0,0.0,1,True
Леонид Сергеев,476,0,0.0,1,True
Белки на акации,477,0,0.0,1,True
Злой дух,478,0,0.0,2,True
Шишков Сергей,479,0,0.0,1,True
"Вокальный Квартет ""Аккорд""",480,0,0.0,1,True
Песьня.,481,0,0.0,1,True
Анатолий Александрович,482,0,0.0,1,True
Детская,483,0,0.0,1,True
Louis Armstrong,484,0,0.0,1,True
♨♨♨Детская песня♨♨♨,485,0,0.0,1,True
детская песенка,486,0,0.0,1,True
Тараканы!,487,0,0.0,10,True
Оксана Дроздова,488,0,0.0,3,True
Оксана Дроздова.,489,0,0.0,1,True
Оксана Почепа,490,0,0.0,1,True
D-Bosh,491,0,0.0,1,True
Бабич Анжела,492,0,0.0,1,True
"Марьяж ""Декорации""",493,0,0.0,1,True
"Гр. ""Они""",494,0,0.0,1,True
Большая разница,495,0,0.0,1,True
Армейские Песни,496,0,0.0,1,True
Tony Gun,497,0,0.0,1,True
Курские соловьи,498,0,0.0,1,True
Типа РВ!,499,0,0.0,1,True
"Из к/ф ""Снежная любовь",500,0,0.0,1,True
ВИА Пламя,501,0,0.0,1,True
Дворовые песни,502,0,0.0,1,True
Окси,503,0,0.0,10,True
Toto Cutugno,504,0,0.0,1,True
Jencarlos,505,0,0.0,1,True
NATALIA OREIRO,506,0,0.0,1,True
Rido,507,0,0.0,2,True
Доктор Айболит,508,0,0.0,1,True
Регги,509,0,0.0,2,True
реги,510,0,0.0,1,True
. ιllιlιιl Сява,511,0,0.0,1,True
"Нее, это не Многоточие. Это DSB",512,0,0.0,1,True
ЮГ,513,6,6.0,1,True
Лигалайз,513,3,4.0,11,True
Bad Balance,513,1,2.0,2,True
Sir-J,513,1,1.0,0,False
Yori,513,1,1.0,0,False
Джип,513,1,1.0,0,False
Money Mike,513,1,1.0,0,False
Стахей,513,1,1.0,0,False
"Karas, Лигалайз — Будущие мамы 2.0",513,1,1.0,0,False
Каста - Влади - Что Нам Делать в Греции?,514,0,0.0,1,True
Домино,515,1,1.0,10,True
Пабло — Домино,515,1,1.0,0,False
Domino,516,0,0.0,1,True
polusplus.com,517,0,0.0,1,True
Валдай,518,0,0.0,1,True
Animal Jazz,519,0,0.0,1,True
Alex Dark Stalker98,520,0,0.0,1,True
Анимал джаз,521,0,0.0,1,True
Chpoks,522,0,0.0,1,True
dom1No,523,0,0.0,1,True
dom!No,524,0,0.0,2,True
ST,525,0,0.0,1,True
не ну это пиздец песня,526,0,0.0,1,True
Глеб Романов,527,0,0.0,1,True
Nasty Nay,528,0,0.0,1,True
Nebo7,529,0,0.0,1,True
1 klass,530,0,0.0,1,True
Alex Fish,531,0,0.0,1,True
Domino-Прыгай в такт,532,0,0.0,1,True
Гайтана,533,0,0.0,1,True
Эльбрус Джанмирзоев,534,1,1.0,21,True
Alexandros Tsopozidis-Бродяга 2014 минус,534,1,1.0,0,False
Daily,535,0,0.0,1,True
Витя АК-47,536,0,0.0,11,True
Купэ,537,0,0.0,1,True
Ак,538,1,1.0,3,True
Inkognito - Про Нее,538,1,1.0,0,False
█ Ак-47,539,0,0.0,1,True
•АК-47,540,0,0.0,1,True
Пума,541,0,0.0,1,True
┴═╦╕АК-47,542,0,0.0,2,True
Ака-47,543,0,0.0,2,True
┴═╦╕ АК 47,544,0,0.0,1,True
Максим Ак-47,545,0,0.0,1,True
►АК-47,546,0,0.0,1,True
НоГГано feat Витя ак-47,547,0,0.0,1,True
Витя Ак 47,548,0,0.0,2,True
2H Company,549,0,0.0,1,True
Кендра,550,0,0.0,1,True
┴═╦╕Витя АК-47,551,0,0.0,1,True
ака 47,552,0,0.0,2,True
АК- 47,553,0,0.0,1,True
❡АК-47,554,0,0.0,1,True
[АК-47],555,0,0.0,2,True
★ Ак-47 ★,556,0,0.0,1,True
Витя Ака 47,557,0,0.0,1,True
Витя,558,0,0.0,1,True
Многоточие,559,8,8.0,139,True
Красное Дерево,559,2,2.0,1,True
Master Spensor,559,1,1.0,0,False
Отверженные и White Hot Ice,559,1,1.0,0,False
Трилл,559,1,1.0,0,False
Санчес,559,1,1.0,0,False
Руставели (Многоточие,559,1,1.0,0,False
White Hot Ice и Красное Дерево,559,1,1.0,0,False
Окна,559,1,1.0,0,False
Iren,559,1,1.0,0,False
KReeD,560,0,0.0,1,True
Вика Дайнеко и Корни,561,0,0.0,3,True
Defro,562,0,0.0,1,True
Виктория Дайнеко и Корни,563,0,0.0,4,True
D.I.P. PROJECT,564,0,0.0,1,True
Integra,565,0,0.0,1,True
Неизвестный,566,0,0.0,1,True
Ева Польна,567,0,0.0,1,True
Алексей Гоман,568,0,0.0,1,True
13 Фронт,569,0,0.0,1,True
G-Nise и Алексей Кабанов,570,0,0.0,1,True
Таня Моль,571,0,0.0,1,True
Мария Чайковская,572,0,0.0,1,True
Ассорти,573,0,0.0,1,True
МНОГОТОЧИЕ BAND,574,0,0.0,3,True
✿Не Предел feat. Многоточие,575,0,0.0,1,True
♫ Многоточие,576,0,0.0,1,True
Многоточие.,577,0,0.0,1,True
Руставели (Многоточие),578,0,0.0,5,True
"MSI, GTi, ST, Многоточие, FC Dinamo",579,0,0.0,1,True
Мэф (Ю.Г.) и L. Beeatch (Многоточие),580,0,0.0,1,True
Dotsfam (ex Многоточие),581,0,0.0,1,True
Руставели  (DotsFam / Многоточие),582,0,0.0,1,True
Многоточие (DotsFam),583,0,0.0,1,True
White hot ice feat Многоточие,584,0,0.0,1,True
